"","Ala_AGC1","Ala_AGC2","Ala_CGC1","Ala_CGC2","Ala_GGC1","Ala_GGC2","Ala_TGC1","Ala_TGC2","Arg_ACG1","Arg_ACG2","Arg_CCG1","Arg_CCG2","Arg_CCT1","Arg_CCT2","Arg_GCG1","Arg_GCG2","Arg_TCG1","Arg_TCG2","Arg_TCT1","Arg_TCT2","Asn_ATT1","Asn_ATT2","Asn_GTT1","Asn_GTT2","Asp_ATC","Asp_GTC1","Asp_GTC2","Cys_ACA1","Cys_ACA2","Cys_GCA1","Cys_GCA2","Gln_CTG1","Gln_CTG2","Gln_TTG1","Gln_TTG2","Glu_CTC1","Glu_CTC2","Glu_TTC1","Glu_TTC2","Gly_ACC1","Gly_ACC2","Gly_CCC1","Gly_CCC2","Gly_GCC1","Gly_GCC2","Gly_TCC1","Gly_TCC2","His_ATG1","His_ATG2","His_GTG1","His_GTG2","Ile_AAT1","Ile_AAT2","Ile_GAT1","Ile_GAT2","Ile_TAT1","Ile_TAT2","Leu_AAG1","Leu_AAG2","Leu_CAA1","Leu_CAA2","Leu_CAG1","Leu_CAG2","Leu_GAG1","Leu_GAG2","Leu_TAA1","Leu_TAA2","Leu_TAG1","Leu_TAG2","Lys_CTT1","Lys_CTT2","Lys_TTT1","Lys_TTT2","Met_CAT1","Met_CAT2","Phe_AAA1","Phe_AAA2","Phe_GAA1","Phe_GAA2","Pro_AGG1","Pro_AGG2","Pro_CGG1","Pro_CGG2","Pro_GGG1","Pro_GGG2","Ser_GGA1","Ser_GGA2","Pro_TGG1","Pro_TGG2","Ser_ACT1","Ser_ACT2","Ser_AGA1","Ser_AGA2","Ser_CGA1","Ser_CGA2","Ser_GCT1","Ser_GCT2","Ser_TGA1","Ser_TGA2","Thr_AGT1","Thr_AGT2","Thr_CGT1","Thr_CGT2","Thr_GGT1","Thr_GGT2","Thr_TGT1","Thr_TGT2","Trp_CCA1","Trp_CCA2","Tyr_ATA1","Tyr_ATA2","Tyr_GTA1","Tyr_GTA2","Val_AAC1","Val_AAC2","Val_CAC1","Val_CAC2","Val_GAC1","Val_GAC2","Val_TAC1","Val_TAC2"
"Ala_AGC1",0,33,18,32,37,37,18,19,33,33,34,35,34,33,31,32,35,33,32,38,36,37,36,37,34,37,31,33,50,29,29,37,37,37,35,38,33,38,57,32,35,31,31,31,31,33,31,33,40,38,38,24,24,36,39,36,31,41,40,39,32,39,39,39,34,41,41,40,39,32,32,32,32,34,33,26,40,27,27,28,27,26,29,27,28,44,42,30,29,39,37,41,42,41,28,39,39,40,40,32,34,33,31,37,33,32,28,32,31,33,39,33,38,33,33,36,37,35,33,37,35
"Ala_AGC2",33,0,29,33,35,26,29,30,31,31,40,40,37,33,34,33,40,36,30,34,28,28,30,31,9,32,34,32,50,33,33,31,31,31,40,34,37,37,61,34,34,33,33,33,33,31,33,31,35,33,33,35,35,28,31,36,31,41,41,43,37,44,44,43,32,42,42,40,41,38,39,39,39,32,37,34,40,33,35,30,29,33,31,33,30,44,41,32,31,43,34,40,41,40,32,43,42,40,39,29,31,30,40,29,33,31,36,32,32,34,40,34,32,5,5,12,13,32,35,12,13
"Ala_CGC1",18,29,0,29,34,34,1,2,31,31,32,33,36,30,29,29,33,35,28,37,33,35,34,35,30,37,31,32,44,24,24,36,36,35,34,35,29,34,57,31,34,29,29,30,30,29,29,32,35,33,33,26,26,33,36,38,32,37,36,37,31,34,34,35,29,36,38,36,34,29,29,27,27,32,33,26,37,27,27,29,29,29,27,32,29,38,38,28,29,36,34,38,38,35,31,33,34,36,35,23,26,22,28,33,26,22,30,32,30,31,36,31,35,31,31,37,37,34,29,34,39
"Ala_CGC2",32,33,29,0,12,38,30,31,34,34,36,36,37,10,9,9,37,35,37,40,39,39,40,41,38,29,8,35,47,36,36,35,35,36,38,25,36,33,53,8,11,6,6,7,7,19,7,35,29,28,28,38,38,38,40,43,40,43,42,41,34,39,39,42,32,46,46,41,40,37,37,34,34,37,36,36,41,37,35,29,28,27,27,29,28,43,40,29,29,41,37,40,42,38,28,42,41,39,39,32,32,31,36,36,30,34,35,36,38,34,40,34,30,33,33,34,35,13,8,36,36
"Ala_GGC1",37,35,34,12,0,41,34,35,38,38,42,42,41,14,10,11,43,36,41,43,44,43,44,45,39,31,9,38,52,37,37,38,38,39,44,28,40,35,51,10,12,9,9,8,8,22,9,37,27,28,28,40,40,43,44,46,42,46,45,44,38,44,44,43,35,48,49,44,43,40,40,37,37,41,38,38,43,36,36,32,31,32,31,30,30,44,42,32,31,43,38,43,43,42,33,44,43,42,42,36,36,35,41,40,32,37,36,39,41,36,40,35,31,35,35,36,37,11,10,37,37
"Ala_GGC2",37,26,34,38,41,0,34,34,30,30,30,30,34,39,37,37,31,29,21,30,7,10,7,8,25,36,38,30,48,35,36,33,33,35,31,35,30,37,56,39,40,38,38,37,37,37,38,30,39,38,38,31,31,7,13,30,26,36,36,38,34,36,36,38,33,37,38,36,36,31,32,32,32,26,33,35,41,35,35,34,33,35,34,38,34,39,39,35,35,40,34,40,42,39,37,39,38,39,39,31,34,31,30,9,34,33,34,23,27,39,43,37,38,28,28,33,34,37,37,32,34
"Ala_TGC1",18,29,1,30,34,34,0,1,32,32,33,34,37,31,29,29,34,36,29,37,34,35,35,36,30,38,31,33,45,24,24,35,35,34,33,35,29,33,56,31,34,30,30,30,30,29,29,31,34,32,32,26,26,34,36,37,32,37,36,38,31,34,34,36,29,36,38,35,34,29,29,26,26,32,33,26,37,27,27,29,29,30,28,32,29,38,38,27,28,35,34,38,38,36,32,33,34,36,35,23,26,23,29,34,26,22,29,33,30,31,35,31,34,31,31,38,38,34,30,33,38
"Ala_TGC2",19,30,2,31,35,34,1,0,32,32,33,33,36,32,30,30,33,36,29,38,34,35,34,35,31,37,31,33,45,24,25,36,36,35,32,36,29,34,56,32,35,31,31,31,31,30,30,31,35,33,33,27,27,34,36,38,33,37,36,38,32,35,35,37,30,37,39,35,35,29,29,26,26,33,34,27,37,28,28,30,30,31,29,33,30,38,38,28,29,35,33,37,38,36,33,34,34,36,35,24,26,24,29,34,27,23,30,34,31,31,35,31,35,32,32,38,39,35,31,34,39
"Arg_ACG1",33,31,31,34,38,30,32,32,0,0,21,21,25,34,34,35,23,13,22,29,29,28,31,32,35,36,35,1,44,29,29,28,28,29,24,38,32,38,57,36,35,35,35,34,34,32,35,1,36,35,35,32,32,30,35,34,28,38,38,40,34,42,41,42,34,37,38,39,38,32,33,31,31,31,34,32,33,32,34,33,33,29,32,31,33,39,34,33,33,36,4,35,35,35,33,37,36,35,34,27,29,27,34,30,31,29,32,22,21,32,35,33,34,33,33,36,36,33,35,34,34
"Arg_ACG2",33,31,31,34,38,30,32,32,0,0,21,21,25,34,34,35,23,13,22,29,29,28,31,32,35,36,35,1,44,29,29,28,28,29,24,38,32,38,57,36,35,35,35,34,34,32,35,1,36,35,35,32,32,30,35,34,28,38,38,40,34,42,41,42,34,37,38,39,38,32,33,31,31,31,34,32,33,32,34,33,33,29,32,31,33,39,34,33,33,36,4,35,35,35,33,37,36,35,34,27,29,27,34,30,31,29,32,22,21,32,35,33,34,33,33,36,36,33,35,34,34
"Arg_CCG1",34,40,32,36,42,30,33,33,21,21,0,2,13,36,35,35,5,17,22,31,29,29,28,29,40,34,37,22,45,37,37,30,30,33,6,33,27,38,58,38,39,35,35,36,36,34,36,22,41,39,39,37,37,29,34,35,29,35,34,34,24,37,37,40,33,36,38,34,34,27,29,28,28,32,37,38,38,38,39,32,32,30,31,34,32,41,38,32,33,33,25,37,39,37,33,31,31,38,37,28,31,27,30,30,32,29,32,27,26,40,39,41,38,39,39,41,42,42,36,44,41
"Arg_CCG2",35,40,33,36,42,30,34,33,21,21,2,0,11,36,35,35,3,17,22,31,29,29,30,31,40,34,37,22,44,37,38,31,31,33,4,32,27,37,57,38,39,35,35,36,36,34,36,22,41,39,39,37,37,29,34,35,29,35,35,35,24,37,37,40,33,35,37,35,34,27,29,28,28,32,36,39,38,39,40,33,32,30,31,33,32,40,38,33,33,33,24,39,39,37,33,32,31,38,37,28,31,27,30,30,32,29,33,27,26,40,39,41,39,39,39,42,42,42,36,44,41
"Arg_CCT1",34,37,36,37,41,34,37,36,25,25,13,11,0,33,35,34,10,21,20,28,30,30,31,31,38,33,37,25,40,39,40,30,30,32,11,29,25,32,57,37,38,34,34,35,35,32,35,26,39,37,37,31,31,30,36,31,24,36,36,37,30,36,37,39,36,34,34,36,35,24,26,30,30,33,31,39,35,40,40,36,35,31,35,34,35,40,37,37,36,30,26,36,35,35,35,30,29,36,36,28,28,27,26,32,29,29,25,30,30,38,35,37,36,36,36,40,41,40,37,41,40
"Arg_CCT2",33,33,30,10,14,39,31,32,34,34,36,36,33,0,8,9,37,34,35,38,38,38,39,40,36,28,8,34,50,35,35,34,34,35,38,23,34,29,52,9,12,5,5,6,6,16,6,35,28,26,26,33,33,38,40,42,38,43,42,41,34,39,39,39,31,44,44,41,40,34,34,33,33,34,31,36,39,37,35,29,28,28,28,31,28,41,39,30,29,40,36,39,42,37,29,41,40,38,38,30,30,29,35,36,27,32,33,33,36,33,38,33,28,30,30,32,33,13,9,33,34
"Arg_GCG1",31,34,29,9,10,37,29,30,34,34,35,35,35,8,0,3,35,34,36,39,38,38,38,39,37,26,5,34,49,32,32,34,34,34,36,24,36,29,52,6,9,4,4,3,3,18,4,35,28,27,27,35,35,37,39,43,40,41,40,40,32,39,39,39,30,42,42,40,39,37,37,33,33,38,34,33,41,33,31,26,25,27,26,28,25,43,40,27,26,39,36,40,42,39,28,39,38,39,39,32,32,32,36,35,30,34,32,34,36,34,39,32,30,32,32,33,34,11,6,35,34
"Arg_GCG2",32,33,29,9,11,37,29,30,35,35,35,35,34,9,3,0,35,34,35,38,37,37,37,38,37,27,6,35,49,34,34,35,35,35,36,25,36,32,51,7,9,5,5,4,4,18,5,36,29,28,28,35,35,36,38,43,39,42,41,39,32,39,39,38,28,43,43,40,39,36,36,34,34,38,34,36,41,36,33,28,27,28,27,29,26,42,40,28,27,40,37,40,42,38,28,40,39,39,39,30,30,30,35,34,28,32,33,33,36,35,39,34,31,32,32,35,36,12,7,37,36
"Arg_TCG1",35,40,33,37,43,31,34,33,23,23,5,3,10,37,35,35,0,18,21,30,29,29,30,31,38,33,36,24,44,39,40,31,31,31,1,33,27,35,57,38,39,36,36,36,36,33,35,24,41,38,38,37,37,29,34,34,27,36,36,34,24,37,37,39,33,35,37,37,36,28,30,27,27,33,37,39,38,37,39,35,34,30,33,33,34,39,39,34,34,34,26,39,38,37,32,34,33,37,36,26,29,25,30,31,30,26,30,30,29,39,39,40,38,39,39,43,43,42,36,43,41
"Arg_TCG2",33,36,35,35,36,29,36,36,13,13,17,17,21,34,34,34,18,0,20,26,28,28,29,30,38,31,36,14,42,33,33,31,31,32,19,33,32,36,57,38,36,35,35,35,35,31,34,14,35,34,34,34,34,28,34,36,30,36,35,39,32,39,39,41,31,35,36,34,33,33,34,29,29,29,37,35,32,34,36,30,30,29,29,30,30,35,31,30,30,34,17,32,33,31,33,34,33,30,29,29,31,28,34,28,29,29,30,20,24,34,34,32,34,38,38,37,38,35,37,34,38
"Arg_TCT1",32,30,28,37,41,21,29,29,22,22,22,22,20,35,36,35,21,20,0,12,17,19,18,19,30,36,37,22,41,32,32,30,30,30,22,34,24,37,55,37,38,36,36,36,36,32,35,23,41,39,39,29,29,17,23,28,21,37,36,39,34,40,39,41,31,35,36,36,35,24,26,28,28,26,31,35,35,36,34,33,32,31,31,33,32,40,35,33,33,31,24,35,37,34,34,31,30,33,33,27,29,27,25,20,29,27,25,22,21,33,36,32,39,30,30,35,36,37,38,33,36
"Arg_TCT2",38,34,37,40,43,30,37,38,29,29,31,31,28,38,39,38,30,26,12,0,27,26,28,29,35,36,40,29,50,39,39,33,33,33,31,40,34,41,58,40,41,39,39,39,39,36,38,30,43,41,41,36,36,27,31,33,26,43,42,45,40,43,43,44,35,42,42,41,40,34,35,38,38,31,34,41,42,41,38,37,36,35,35,38,36,46,43,37,37,38,30,43,43,42,36,39,38,41,41,32,30,32,34,26,33,32,33,30,31,39,41,39,41,35,35,40,41,40,41,38,41
"Asn_ATT1",36,28,33,39,44,7,34,34,29,29,29,29,30,38,38,37,29,28,17,27,0,3,2,3,26,36,38,29,47,37,38,33,33,35,28,32,28,35,55,38,39,38,38,38,38,38,37,28,40,38,38,29,29,3,11,29,22,36,36,40,33,36,36,38,34,36,36,37,37,27,29,28,28,23,31,33,38,35,35,37,36,34,35,38,36,40,38,36,35,36,31,38,41,38,36,37,36,37,37,30,32,31,28,6,33,33,32,24,28,35,39,35,37,27,27,33,34,39,38,32,33
"Asn_ATT2",37,28,35,39,43,10,35,35,28,28,29,29,30,38,38,37,29,28,19,26,3,0,5,6,29,35,38,28,48,38,38,31,31,33,28,34,31,36,56,38,39,38,38,38,38,38,37,27,40,38,38,31,31,5,14,31,24,39,39,41,34,38,38,39,34,38,37,39,39,30,31,31,31,23,33,35,40,36,37,38,37,34,36,37,37,42,39,37,36,38,30,40,40,40,36,39,38,39,39,30,32,31,31,8,33,33,33,25,28,36,40,36,35,29,29,33,34,39,38,32,33
"Asn_GTT1",36,30,34,40,44,7,35,34,31,31,28,30,31,39,38,37,30,29,18,28,2,5,0,1,27,35,37,31,49,36,37,33,33,35,29,33,29,36,55,40,41,39,39,38,38,39,38,30,41,39,39,31,31,3,11,30,24,37,37,39,35,37,37,39,35,37,37,38,38,28,30,29,29,24,31,35,40,35,35,36,36,35,35,38,36,40,39,36,36,38,33,38,41,39,38,36,36,38,38,31,32,31,29,6,34,33,31,25,29,37,41,35,38,29,29,33,34,39,38,33,34
"Asn_GTT2",37,31,35,41,45,8,36,35,32,32,29,31,31,40,39,38,31,30,19,29,3,6,1,0,28,36,38,32,50,36,37,34,34,35,30,34,30,36,56,41,42,40,40,39,39,39,39,31,42,40,40,32,32,4,12,30,24,38,38,40,36,38,38,40,36,38,38,39,39,29,31,30,30,25,32,36,41,36,36,37,37,36,36,39,37,41,40,37,37,39,33,39,41,40,39,37,37,39,39,32,33,32,30,7,35,34,32,26,30,38,41,36,39,30,30,34,35,40,39,34,34
"Asp_ATC",34,9,30,38,39,25,30,31,35,35,40,40,38,36,37,37,38,38,30,35,26,29,27,28,0,33,34,34,52,35,36,31,31,31,38,35,38,35,59,36,38,35,35,35,35,34,35,34,34,33,33,33,33,26,27,37,31,42,42,41,37,42,42,43,32,41,42,42,42,39,40,37,37,36,36,36,44,38,38,29,29,32,31,34,30,44,43,31,31,45,37,45,44,44,31,45,44,43,43,32,35,32,41,28,36,31,39,31,33,37,42,37,34,9,9,18,19,33,35,16,18
"Asp_GTC1",37,32,37,29,31,36,38,37,36,36,34,34,33,28,26,27,33,31,36,36,36,35,35,36,33,0,23,36,51,39,39,36,36,38,33,23,32,27,56,27,29,25,25,24,24,26,25,37,30,28,28,32,32,35,40,42,38,43,43,41,38,42,42,45,32,44,44,42,43,33,33,32,32,31,39,40,44,40,38,29,29,29,29,31,28,47,42,30,30,43,37,42,44,43,31,42,42,42,42,33,35,33,35,33,33,34,33,37,38,38,44,36,31,29,29,32,33,27,26,34,32
"Asp_GTC2",31,34,31,8,9,38,31,31,35,35,37,37,37,8,5,6,36,36,37,40,38,38,37,38,34,23,0,35,49,34,35,34,34,33,36,21,35,27,51,6,9,3,3,2,2,17,3,36,27,26,26,33,33,37,39,42,39,39,38,39,34,39,39,40,30,44,44,37,38,36,36,33,33,37,34,37,41,37,35,27,26,27,26,28,25,42,40,28,27,40,36,39,42,39,27,40,40,39,39,30,30,29,36,35,28,32,32,35,38,34,39,32,29,31,31,30,31,9,4,34,33
"Cys_ACA1",33,32,32,35,38,30,33,33,1,1,22,22,25,34,34,35,24,14,22,29,29,28,31,32,34,36,35,0,43,28,28,28,28,30,25,38,31,37,57,36,35,35,35,34,34,32,35,2,37,35,35,31,31,29,34,33,27,39,39,41,33,41,40,42,34,36,37,39,38,32,33,31,31,30,33,31,32,31,33,34,34,30,33,32,34,38,34,34,34,36,4,34,34,35,33,37,36,34,33,27,29,28,35,31,31,29,31,21,20,31,34,32,34,33,33,35,35,33,35,33,33
"Cys_ACA2",50,50,44,47,52,48,45,45,44,44,45,44,40,50,49,49,44,42,41,50,47,48,49,50,52,51,49,43,0,43,43,45,45,45,45,46,45,48,64,48,47,48,48,48,48,44,47,45,50,47,47,46,46,47,49,51,50,43,42,46,43,44,43,47,49,41,41,43,41,45,46,46,46,52,46,46,26,47,48,50,49,49,48,51,49,32,27,49,49,27,44,27,28,27,51,28,26,27,28,45,46,46,47,49,47,47,45,47,48,44,28,46,49,48,48,50,49,51,49,50,50
"Cys_GCA1",29,33,24,36,37,35,24,24,29,29,37,37,39,35,32,34,39,33,32,39,37,38,36,36,35,39,34,28,43,0,3,29,29,29,40,36,30,36,58,37,36,35,35,34,34,31,35,30,35,33,33,29,29,36,39,45,41,40,39,41,33,42,42,43,32,35,37,38,38,31,31,25,25,36,34,21,37,21,22,28,28,29,28,32,28,38,38,29,29,40,31,38,38,37,30,38,38,38,37,28,30,28,31,38,34,28,26,29,26,28,36,27,35,35,35,34,34,36,34,33,33
"Cys_GCA2",29,33,24,36,37,36,24,25,29,29,37,38,40,35,32,34,40,33,32,39,38,38,37,37,36,39,35,28,43,3,0,28,28,30,41,37,30,36,59,37,36,35,35,34,34,31,35,30,34,32,32,29,29,37,40,46,42,41,40,42,33,42,42,44,33,37,39,39,38,31,31,25,25,37,36,22,36,22,23,28,28,29,28,32,28,39,37,29,29,41,31,38,38,36,30,39,39,37,37,28,31,28,31,39,34,28,26,29,27,30,35,28,35,34,34,33,33,36,34,31,31
"Gln_CTG1",37,31,36,35,38,33,35,36,28,28,30,31,30,34,34,35,31,31,30,33,33,31,33,34,31,36,34,28,45,29,28,0,0,4,30,29,34,29,61,37,37,33,33,34,34,30,34,27,30,29,29,35,35,34,38,35,29,41,40,39,35,41,41,42,31,42,44,40,40,34,34,32,32,34,36,39,38,40,40,28,28,27,29,30,28,41,39,28,28,42,30,39,38,37,26,41,41,37,37,30,34,29,38,36,36,30,21,30,29,35,38,35,30,32,32,27,27,34,33,28,25
"Gln_CTG2",37,31,36,35,38,33,35,36,28,28,30,31,30,34,34,35,31,31,30,33,33,31,33,34,31,36,34,28,45,29,28,0,0,4,30,29,34,29,61,37,37,33,33,34,34,30,34,27,30,29,29,35,35,34,38,35,29,41,40,39,35,41,41,42,31,42,44,40,40,34,34,32,32,34,36,39,38,40,40,28,28,27,29,30,28,41,39,28,28,42,30,39,38,37,26,41,41,37,37,30,34,29,38,36,36,30,21,30,29,35,38,35,30,32,32,27,27,34,33,28,25
"Gln_TTG1",37,31,35,36,39,35,34,35,29,29,33,33,32,35,34,35,31,32,30,33,35,33,35,35,31,38,33,30,45,29,30,4,4,0,30,33,37,31,60,37,37,34,34,34,34,28,33,28,32,31,31,37,37,36,40,36,29,41,40,41,39,43,43,44,30,42,43,39,40,37,37,33,33,37,38,40,39,41,40,27,27,27,28,30,27,39,39,27,27,42,31,39,37,39,26,42,41,38,38,31,33,31,41,38,37,31,23,33,32,35,39,34,31,32,32,27,27,35,34,27,24
"Gln_TTG2",35,40,34,38,44,31,33,32,24,24,6,4,11,38,36,36,1,19,22,31,28,28,29,30,38,33,36,25,45,40,41,30,30,30,0,33,27,34,57,39,40,37,37,37,37,34,36,23,40,38,38,37,37,29,34,34,27,36,36,34,25,37,37,39,33,35,37,37,36,27,29,26,26,33,36,39,38,37,39,35,34,31,34,33,34,39,39,34,33,33,26,39,38,38,33,33,32,37,36,26,29,26,31,31,30,26,29,31,30,39,38,40,38,39,39,44,44,42,37,43,41
"Glu_CTC1",38,34,35,25,28,35,35,36,38,38,33,32,29,23,24,25,33,33,34,40,32,34,33,34,35,23,21,38,46,36,37,29,29,33,33,0,31,15,57,24,26,21,21,22,22,22,22,38,22,20,20,27,27,33,39,41,36,38,37,39,34,36,36,39,31,37,37,37,39,31,31,31,31,36,37,37,40,37,37,28,28,27,28,30,28,42,40,28,28,37,37,39,40,40,29,36,35,40,40,34,35,33,36,32,33,35,33,32,35,34,38,31,23,31,31,32,32,26,23,33,33
"Glu_CTC2",33,37,29,36,40,30,29,29,32,32,27,27,25,34,36,36,27,32,24,34,28,31,29,30,38,32,35,31,45,30,30,34,34,37,27,31,0,31,51,37,38,34,34,35,35,34,34,31,38,37,37,24,24,30,35,32,26,36,35,37,31,34,34,37,34,36,36,36,35,1,3,12,12,23,34,25,39,26,26,36,36,36,35,37,37,43,40,35,36,34,33,39,40,39,37,35,34,39,39,32,33,31,6,33,34,34,25,29,29,29,38,27,38,36,36,40,40,38,36,40,40
"Glu_TTC1",38,37,34,33,35,37,33,34,38,38,38,37,32,29,29,32,35,36,37,41,35,36,36,36,35,27,27,37,48,36,36,29,29,31,34,15,31,0,58,31,34,29,29,29,29,27,28,37,26,25,25,28,28,37,41,42,37,40,39,36,33,35,35,38,34,38,37,39,40,31,32,29,29,38,37,34,42,34,32,30,29,28,29,31,29,44,43,29,28,40,37,42,42,41,29,39,38,42,42,35,34,35,36,36,34,34,27,34,38,36,40,34,28,36,36,36,37,34,31,33,33
"Glu_TTC2",57,61,57,53,51,56,56,56,57,57,58,57,57,52,52,51,57,57,55,58,55,56,55,56,59,56,51,57,64,58,59,61,61,60,57,57,51,58,0,51,54,52,52,52,52,57,51,56,56,57,57,55,55,56,57,65,58,68,67,67,60,66,66,66,58,65,65,67,66,51,51,54,54,57,57,57,66,57,57,58,58,59,58,59,58,65,67,57,57,63,55,67,65,66,59,66,65,66,66,56,55,56,52,56,56,56,56,59,59,56,65,57,58,60,60,62,63,53,52,61,62
"Gly_ACC1",32,34,31,8,10,39,31,32,36,36,38,38,37,9,6,7,38,38,37,40,38,38,40,41,36,27,6,36,48,37,37,37,37,37,39,24,37,31,51,0,8,4,4,4,4,18,4,37,30,29,29,36,36,38,40,44,41,43,42,41,34,41,41,42,32,46,46,41,41,37,37,35,35,39,35,37,41,38,36,29,28,29,29,31,29,44,40,30,29,40,38,41,43,39,29,41,40,40,40,32,32,33,38,37,31,35,36,36,37,35,39,36,31,31,31,34,35,12,7,36,35
"Gly_ACC2",35,34,34,11,12,40,34,35,35,35,39,39,38,12,9,9,39,36,38,41,39,39,41,42,38,29,9,35,47,36,36,37,37,37,40,26,38,34,54,8,0,7,7,7,7,19,7,36,31,30,30,37,37,40,41,45,41,45,45,44,36,44,44,44,33,47,47,45,44,39,39,35,35,40,37,38,40,38,36,29,28,30,29,30,29,42,38,30,29,42,37,39,41,37,30,41,40,38,38,34,34,35,39,38,34,36,33,37,41,36,38,37,32,33,33,35,36,13,9,37,36
"Gly_CCC1",31,33,29,6,9,38,30,31,35,35,35,35,34,5,4,5,36,35,36,39,38,38,39,40,35,25,3,35,48,35,35,33,33,34,37,21,34,29,52,4,7,0,0,1,1,15,1,36,27,26,26,34,34,38,40,43,40,41,40,40,33,38,38,40,31,44,44,39,39,35,35,33,33,36,34,36,40,37,35,27,26,26,26,29,26,41,39,28,27,40,37,39,41,37,27,41,40,38,38,31,31,30,36,36,29,33,34,33,36,34,38,34,29,30,30,30,31,9,4,33,32
"Gly_CCC2",31,33,29,6,9,38,30,31,35,35,35,35,34,5,4,5,36,35,36,39,38,38,39,40,35,25,3,35,48,35,35,33,33,34,37,21,34,29,52,4,7,0,0,1,1,15,1,36,27,26,26,34,34,38,40,43,40,41,40,40,33,38,38,40,31,44,44,39,39,35,35,33,33,36,34,36,40,37,35,27,26,26,26,29,26,41,39,28,27,40,37,39,41,37,27,41,40,38,38,31,31,30,36,36,29,33,34,33,36,34,38,34,29,30,30,30,31,9,4,33,32
"Gly_GCC1",31,33,30,7,8,37,30,31,34,34,36,36,35,6,3,4,36,35,36,39,38,38,38,39,35,24,2,34,48,34,34,34,34,34,37,22,35,29,52,4,7,1,1,0,0,15,1,35,26,25,25,34,34,37,39,43,40,41,40,40,33,39,39,39,30,44,44,39,39,36,36,33,33,37,35,36,40,36,34,27,26,27,27,28,25,42,39,28,27,40,36,39,41,37,27,41,40,38,38,31,31,30,36,35,28,33,33,33,36,34,38,33,29,30,30,31,32,8,3,33,32
"Gly_GCC2",31,33,30,7,8,37,30,31,34,34,36,36,35,6,3,4,36,35,36,39,38,38,38,39,35,24,2,34,48,34,34,34,34,34,37,22,35,29,52,4,7,1,1,0,0,15,1,35,26,25,25,34,34,37,39,43,40,41,40,40,33,39,39,39,30,44,44,39,39,36,36,33,33,37,35,36,40,36,34,27,26,27,27,28,25,42,39,28,27,40,36,39,41,37,27,41,40,38,38,31,31,30,36,35,28,33,33,33,36,34,38,33,29,30,30,31,32,8,3,33,32
"Gly_TCC1",33,31,29,19,22,37,29,30,32,32,34,34,32,16,18,18,33,31,32,36,38,38,39,39,34,26,17,32,44,31,31,30,30,28,34,22,34,27,57,18,19,15,15,15,15,0,14,33,27,25,25,32,32,38,40,39,36,40,39,43,36,40,41,40,31,39,40,39,38,34,34,32,32,37,37,34,36,34,34,29,29,29,29,31,29,39,35,29,29,35,34,35,39,33,29,33,33,34,35,29,30,28,34,36,28,28,34,32,34,34,34,33,27,30,30,31,32,20,18,30,31
"Gly_TCC2",31,33,29,7,9,38,29,30,35,35,36,36,35,6,4,5,35,34,35,38,37,37,38,39,35,25,3,35,47,35,35,34,34,33,36,22,34,28,51,4,7,1,1,1,1,14,0,35,27,26,26,34,34,38,40,42,39,41,40,40,33,38,38,39,30,44,44,40,39,35,35,32,32,37,35,36,39,37,35,27,26,26,26,29,26,41,38,27,26,39,37,38,40,36,26,40,39,37,37,31,31,30,37,36,29,32,33,33,36,33,37,33,28,30,30,31,32,9,4,32,31
"His_ATG1",33,31,32,35,37,30,31,31,1,1,22,22,26,35,35,36,24,14,23,30,28,27,30,31,34,37,36,2,45,30,30,27,27,28,23,38,31,37,56,37,36,36,36,35,35,33,35,0,35,34,34,32,32,29,34,33,27,38,38,40,34,42,42,43,34,37,38,39,38,31,32,30,30,30,33,32,33,32,34,33,33,30,33,31,33,38,34,32,32,37,5,35,35,36,33,37,36,34,33,27,29,28,35,30,31,28,31,23,22,31,34,32,33,34,34,37,37,34,36,33,34
"His_ATG2",40,35,35,29,27,39,34,35,36,36,41,41,39,28,28,29,41,35,41,43,40,40,41,42,34,30,27,37,50,35,34,30,30,32,40,22,38,26,56,30,31,27,27,26,26,27,27,35,0,4,4,33,33,40,44,40,40,43,42,43,37,37,38,37,34,40,40,43,43,38,39,34,34,40,39,33,40,33,33,32,31,32,33,33,32,42,42,33,32,40,38,41,39,40,35,39,39,40,40,35,35,35,38,38,34,34,35,36,39,35,38,34,9,34,34,35,35,28,28,32,32
"His_GTG1",38,33,33,28,28,38,32,33,35,35,39,39,37,26,27,28,38,34,39,41,38,38,39,40,33,28,26,35,47,33,32,29,29,31,38,20,37,25,57,29,30,26,26,25,25,25,26,34,4,0,0,32,32,38,43,39,38,43,42,42,37,35,36,34,31,40,40,42,42,37,38,33,33,40,38,33,37,32,32,31,30,30,31,30,29,40,40,31,30,38,36,38,38,37,33,37,37,38,38,33,33,33,37,35,33,32,33,35,37,35,37,32,5,32,32,33,33,29,27,30,31
"His_GTG2",38,33,33,28,28,38,32,33,35,35,39,39,37,26,27,28,38,34,39,41,38,38,39,40,33,28,26,35,47,33,32,29,29,31,38,20,37,25,57,29,30,26,26,25,25,25,26,34,4,0,0,32,32,38,43,39,38,43,42,42,37,35,36,34,31,40,40,42,42,37,38,33,33,40,38,33,37,32,32,31,30,30,31,30,29,40,40,31,30,38,36,38,38,37,33,37,37,38,38,33,33,33,37,35,33,32,33,35,37,35,37,32,5,32,32,33,33,29,27,30,31
"Ile_AAT1",24,35,26,38,40,31,26,27,32,32,37,37,31,33,35,35,37,34,29,36,29,31,31,32,33,32,33,31,46,29,29,35,35,37,37,27,24,28,55,36,37,34,34,34,34,32,34,32,33,32,32,0,0,29,36,35,26,36,35,39,32,34,35,36,34,34,34,36,36,23,23,26,26,27,28,26,37,26,27,31,30,32,32,34,31,44,38,33,32,35,33,37,41,38,33,34,33,38,38,28,30,29,24,33,29,30,21,30,31,29,37,29,33,33,33,35,36,34,35,32,35
"Ile_AAT2",24,35,26,38,40,31,26,27,32,32,37,37,31,33,35,35,37,34,29,36,29,31,31,32,33,32,33,31,46,29,29,35,35,37,37,27,24,28,55,36,37,34,34,34,34,32,34,32,33,32,32,0,0,29,36,35,26,36,35,39,32,34,35,36,34,34,34,36,36,23,23,26,26,27,28,26,37,26,27,31,30,32,32,34,31,44,38,33,32,35,33,37,41,38,33,34,33,38,38,28,30,29,24,33,29,30,21,30,31,29,37,29,33,33,33,35,36,34,35,32,35
"Ile_GAT1",36,28,33,38,43,7,34,34,30,30,29,29,30,38,37,36,29,28,17,27,3,5,3,4,26,35,37,29,47,36,37,34,34,36,29,33,30,37,56,38,40,38,38,37,37,38,38,29,40,38,38,29,29,0,10,29,23,37,37,39,33,38,38,40,35,35,35,37,37,29,31,30,30,22,31,33,38,34,33,36,35,34,34,38,35,39,38,36,36,37,32,38,40,37,37,36,35,37,37,31,33,31,29,6,33,33,32,24,27,35,39,34,37,27,27,32,33,37,36,33,33
"Ile_GAT2",39,31,36,40,44,13,36,36,35,35,34,34,36,40,39,38,34,34,23,31,11,14,11,12,27,40,39,34,49,39,40,38,38,40,34,39,35,41,57,40,41,40,40,39,39,40,40,34,44,43,43,36,36,10,0,34,28,42,42,45,39,43,43,44,37,43,43,43,42,34,36,34,34,29,36,39,44,39,39,38,38,37,38,40,38,45,44,38,38,44,37,44,46,43,36,43,42,43,43,35,37,35,34,14,37,37,39,29,30,41,44,41,42,30,30,36,37,39,38,36,37
"Ile_TAT1",36,36,38,43,46,30,37,38,34,34,35,35,31,42,43,43,34,36,28,33,29,31,30,30,37,42,42,33,51,45,46,35,35,36,34,41,32,42,65,44,45,43,43,43,43,39,42,33,40,39,39,35,35,29,34,0,10,36,35,39,36,37,37,37,41,38,37,36,36,31,33,34,34,27,36,41,42,40,41,40,39,42,41,42,40,45,44,42,41,37,36,44,44,43,40,37,36,42,42,39,39,39,33,32,39,40,31,33,34,37,39,36,40,40,40,42,43,42,44,40,40
"Ile_TAT2",31,31,32,40,42,26,32,33,28,28,29,29,24,38,40,39,27,30,21,26,22,24,24,24,31,38,39,27,50,41,42,29,29,29,27,36,26,37,58,41,41,40,40,40,40,36,39,27,40,38,38,26,26,23,28,10,0,37,36,39,31,35,35,35,39,37,36,36,36,25,27,29,29,20,29,36,40,34,36,38,37,37,38,37,38,43,42,40,39,37,30,42,41,41,35,38,37,40,40,33,35,33,26,26,34,34,24,27,28,31,38,31,37,34,34,36,37,37,41,34,34
"Leu_AAG1",41,41,37,43,46,36,37,37,38,38,35,35,36,43,41,42,36,36,37,43,36,39,37,38,42,43,39,39,43,40,41,41,41,41,36,38,36,40,68,43,45,41,41,41,41,40,41,38,43,43,43,36,36,37,42,36,37,0,1,24,26,18,17,21,38,31,30,3,5,37,38,43,43,37,34,43,29,43,43,39,39,39,38,42,40,36,30,39,40,28,40,30,31,32,42,28,28,30,30,36,36,36,38,37,37,36,38,39,40,41,31,39,44,41,41,43,44,44,41,43,46
"Leu_AAG2",40,41,36,42,45,36,36,36,38,38,34,35,36,42,40,41,36,35,36,42,36,39,37,38,42,43,38,39,42,39,40,40,40,40,36,37,35,39,67,42,45,40,40,40,40,39,40,38,42,42,42,35,35,37,42,35,36,1,0,23,25,17,16,20,37,30,29,2,4,36,37,42,42,37,33,43,29,43,43,38,38,38,37,41,39,36,29,38,39,27,40,29,31,31,41,27,27,29,29,35,35,35,37,37,36,35,37,38,39,40,31,38,43,41,41,42,43,43,40,43,46
"Leu_CAA1",39,43,37,41,44,38,38,38,40,40,34,35,37,41,40,39,34,39,39,45,40,41,39,40,41,41,39,41,46,41,42,39,39,41,34,39,37,36,67,41,44,40,40,40,40,43,40,40,43,42,42,39,39,39,45,39,39,24,23,0,13,17,17,21,38,26,27,23,23,37,37,35,35,39,39,40,34,42,41,39,38,37,37,40,37,35,37,39,38,29,41,35,35,34,41,28,28,35,34,35,38,35,37,41,38,36,39,39,39,42,33,41,44,43,43,45,46,45,41,46,45
"Leu_CAA2",32,37,31,34,38,34,31,32,34,34,24,24,30,34,32,32,24,32,34,40,33,34,35,36,37,38,34,33,43,33,33,35,35,39,25,34,31,33,60,34,36,33,33,33,33,36,33,34,37,37,37,32,32,33,39,36,31,26,25,13,0,19,19,21,34,25,27,25,24,31,31,29,29,30,31,30,31,32,32,34,33,34,33,36,34,34,34,35,35,28,36,34,33,32,36,28,27,33,33,27,31,26,31,35,31,28,33,30,31,35,31,35,38,35,35,40,40,38,32,40,38
"Leu_CAG1",39,44,34,39,44,36,34,35,42,42,37,37,36,39,39,39,37,39,40,43,36,38,37,38,42,42,39,41,44,42,42,41,41,43,37,36,34,35,66,41,44,38,38,39,39,40,38,42,37,35,35,34,34,38,43,37,35,18,17,17,19,0,1,5,38,27,26,18,17,35,36,38,38,34,33,41,33,40,41,40,39,40,39,42,39,37,33,41,40,26,44,35,33,33,42,26,25,33,33,36,38,36,35,36,38,37,38,38,41,42,33,41,38,42,42,45,45,43,40,44,42
"Leu_CAG2",39,44,34,39,44,36,34,35,41,41,37,37,37,39,39,39,37,39,39,43,36,38,37,38,42,42,39,40,43,42,42,41,41,43,37,36,34,35,66,41,44,38,38,39,39,41,38,42,38,36,36,35,35,38,43,37,35,17,16,17,19,1,0,6,37,27,26,17,16,35,36,37,37,33,33,41,32,40,40,40,39,40,39,43,39,38,32,41,40,25,43,34,33,32,42,25,24,32,32,36,38,36,35,36,38,37,38,38,41,41,32,40,38,42,42,45,45,43,40,44,43
"Leu_GAG1",39,43,35,42,43,38,36,37,42,42,40,40,39,39,39,38,39,41,41,44,38,39,39,40,43,45,40,42,47,43,44,42,42,44,39,39,37,38,66,42,44,40,40,39,39,40,39,43,37,34,34,36,36,40,44,37,35,21,20,21,21,5,6,0,38,31,30,21,20,37,38,41,41,37,32,41,35,41,41,41,40,42,41,42,40,37,36,42,41,29,44,36,33,35,42,28,27,34,34,38,39,38,38,38,39,37,42,38,42,42,37,41,37,44,44,46,47,42,40,44,44
"Leu_GAG2",34,32,29,32,35,33,29,30,34,34,33,33,36,31,30,28,33,31,31,35,34,34,35,36,32,32,30,34,49,32,33,31,31,30,33,31,34,34,58,32,33,31,31,30,30,31,30,34,34,31,31,34,34,35,37,41,39,38,37,38,34,38,37,38,0,38,40,36,35,34,34,33,33,34,39,38,42,40,37,11,10,16,9,18,9,41,42,10,10,38,36,41,41,40,20,37,36,40,39,30,33,30,34,34,33,31,34,31,32,39,38,38,31,32,32,37,37,32,29,36,36
"Leu_TAA1",41,42,36,46,48,37,36,37,37,37,36,35,34,44,42,43,35,35,35,42,36,38,37,38,41,44,44,36,41,35,37,42,42,42,35,37,36,38,65,46,47,44,44,44,44,39,44,37,40,40,40,34,34,35,43,38,37,31,30,26,25,27,27,31,38,0,3,30,28,36,37,36,36,38,35,34,30,36,36,40,39,43,40,46,40,33,33,41,41,24,38,30,30,31,45,24,23,30,30,38,40,38,35,39,42,39,39,35,38,39,30,37,42,42,42,45,46,46,44,42,43
"Leu_TAA2",41,42,38,46,49,38,38,39,38,38,38,37,34,44,42,43,37,36,36,42,36,37,37,38,42,44,44,37,41,37,39,44,44,43,37,37,36,37,65,46,47,44,44,44,44,40,44,38,40,40,40,34,34,35,43,37,36,30,29,27,27,26,26,30,40,3,0,29,27,36,37,38,38,37,35,35,30,36,36,41,40,44,41,47,41,35,33,42,42,24,39,30,30,31,46,24,23,30,30,40,41,40,35,38,42,41,39,36,40,39,30,37,42,42,42,46,47,46,46,44,43
"Leu_TAG1",40,40,36,41,44,36,35,35,39,39,34,35,36,41,40,40,37,34,36,41,37,39,38,39,42,42,37,39,43,38,39,40,40,39,37,37,36,39,67,41,45,39,39,39,39,39,40,39,43,42,42,36,36,37,43,36,36,3,2,23,25,18,17,21,36,30,29,0,2,37,38,43,43,37,34,43,30,44,43,37,37,38,37,41,38,37,29,37,38,28,41,29,31,31,41,27,27,29,29,34,34,35,38,38,35,36,36,38,38,40,31,38,43,41,41,42,43,42,40,42,46
"Leu_TAG2",39,41,34,40,43,36,34,35,38,38,34,34,35,40,39,39,36,33,35,40,37,39,38,39,42,43,38,38,41,38,38,40,40,40,36,39,35,40,66,41,44,39,39,39,39,38,39,38,43,42,42,36,36,37,42,36,36,5,4,23,24,17,16,20,35,28,27,2,0,36,37,42,42,36,33,42,29,43,42,37,36,37,36,40,37,35,27,37,37,26,41,28,31,30,41,26,25,28,28,33,34,34,37,37,34,35,35,37,37,39,30,38,42,41,41,43,44,42,40,41,45
"Lys_CTT1",32,38,29,37,40,31,29,29,32,32,27,27,24,34,37,36,28,33,24,34,27,30,28,29,39,33,36,32,45,31,31,34,34,37,27,31,1,31,51,37,39,35,35,36,36,34,35,31,38,37,37,23,23,29,34,31,25,37,36,37,31,35,35,37,34,36,36,37,36,0,2,11,11,22,33,25,39,26,26,35,35,37,36,37,36,43,40,35,36,34,33,39,40,39,38,35,34,39,39,31,33,30,5,32,33,33,24,30,30,29,38,27,38,36,36,41,41,38,37,40,40
"Lys_CTT2",32,39,29,37,40,32,29,29,33,33,29,29,26,34,37,36,30,34,26,35,29,31,30,31,40,33,36,33,46,31,31,34,34,37,29,31,3,32,51,37,39,35,35,36,36,34,35,32,39,38,38,23,23,31,36,33,27,38,37,37,31,36,36,38,34,37,37,38,37,2,0,13,13,24,34,25,40,26,26,34,34,37,35,38,35,42,40,34,35,34,34,39,40,39,38,36,35,39,39,31,33,30,7,32,33,33,24,30,30,29,39,27,39,37,37,42,42,38,37,41,41
"Lys_TTT1",32,39,27,34,37,32,26,26,31,31,28,28,30,33,33,34,27,29,28,38,28,31,29,30,37,32,33,31,46,25,25,32,32,33,26,31,12,29,54,35,35,33,33,33,33,32,32,30,34,33,33,26,26,30,34,34,29,43,42,35,29,38,37,41,33,36,38,43,42,11,13,0,0,27,35,22,40,24,24,31,30,31,29,32,30,41,41,29,29,38,31,41,40,40,32,37,37,39,39,29,33,29,15,31,33,30,26,28,29,29,37,27,35,39,39,40,41,35,33,38,39
"Lys_TTT2",32,39,27,34,37,32,26,26,31,31,28,28,30,33,33,34,27,29,28,38,28,31,29,30,37,32,33,31,46,25,25,32,32,33,26,31,12,29,54,35,35,33,33,33,33,32,32,30,34,33,33,26,26,30,34,34,29,43,42,35,29,38,37,41,33,36,38,43,42,11,13,0,0,27,35,22,40,24,24,31,30,31,29,32,30,41,41,29,29,38,31,41,40,40,32,37,37,39,39,29,33,29,15,31,33,30,26,28,29,29,37,27,35,39,39,40,41,35,33,38,39
"Met_CAT1",34,32,32,37,41,26,32,33,31,31,32,32,33,34,38,38,33,29,26,31,23,23,24,25,36,31,37,30,52,36,37,34,34,37,33,36,23,38,57,39,40,36,36,37,37,37,37,30,40,40,40,27,27,22,29,27,20,37,37,39,30,34,33,37,34,38,37,37,36,22,24,27,27,0,31,29,41,29,30,34,34,38,34,39,35,42,42,34,35,41,32,42,44,41,37,40,40,41,41,30,32,29,25,27,30,32,27,25,27,32,39,30,39,33,33,33,34,35,38,35,34
"Met_CAT2",33,37,33,36,38,33,33,34,34,34,37,36,31,31,34,34,37,37,31,34,31,33,31,32,36,39,34,33,46,34,36,36,36,38,36,37,34,37,57,35,37,34,34,35,35,37,35,33,39,38,38,28,28,31,36,36,29,34,33,39,31,33,33,32,39,35,35,34,33,33,34,35,35,31,0,34,37,35,33,40,39,40,40,42,40,43,39,42,41,36,33,39,41,38,40,35,36,39,38,35,35,34,34,31,35,34,32,30,33,34,36,35,38,36,36,39,40,36,34,40,41
"Phe_AAA1",26,34,26,36,38,35,26,27,32,32,38,39,39,36,33,36,39,35,35,41,33,35,35,36,36,40,37,31,46,21,22,39,39,40,39,37,25,34,57,37,38,36,36,36,36,34,36,32,33,33,33,26,26,33,39,41,36,43,43,40,30,41,41,41,38,34,35,43,42,25,25,22,22,29,34,0,39,4,4,35,34,34,35,34,35,44,43,36,36,38,34,40,40,42,37,39,39,42,41,32,35,33,26,36,35,35,31,31,33,25,39,24,35,34,34,35,35,35,36,34,33
"Phe_AAA2",40,40,37,41,43,41,37,37,33,33,38,38,35,39,41,41,38,32,35,42,38,40,40,41,44,44,41,32,26,37,36,38,38,39,38,40,39,42,66,41,40,40,40,40,40,36,39,33,40,37,37,37,37,38,44,42,40,29,29,34,31,33,32,35,42,30,30,30,29,39,40,40,40,41,37,39,0,39,41,40,39,42,40,41,39,10,7,41,41,20,35,3,7,4,43,21,20,3,4,37,38,38,40,40,40,38,33,39,41,34,6,36,40,37,37,38,39,41,42,38,38
"Phe_GAA1",27,33,27,37,36,35,27,28,32,32,38,39,40,37,33,36,37,34,36,41,35,36,35,36,38,40,37,31,47,21,22,40,40,41,37,37,26,34,57,38,38,37,37,36,36,34,37,32,33,32,32,26,26,34,39,40,34,43,43,42,32,40,40,41,40,36,36,44,43,26,26,24,24,29,35,4,39,0,4,37,36,36,37,34,37,43,41,38,38,40,34,39,39,40,37,39,39,40,39,34,36,34,26,37,35,36,29,33,34,26,39,23,32,35,35,34,34,34,37,33,32
"Phe_GAA2",27,35,27,35,36,35,27,28,34,34,39,40,40,35,31,33,39,36,34,38,35,37,35,36,38,38,35,33,48,22,23,40,40,40,39,37,26,32,57,36,36,35,35,34,34,34,35,34,33,32,32,27,27,33,39,41,36,43,43,41,32,41,40,41,37,36,36,43,42,26,26,24,24,30,33,4,41,4,0,35,34,34,34,34,35,44,43,35,35,40,35,41,41,42,36,39,39,42,41,34,34,34,25,34,33,36,31,33,35,26,40,24,33,35,35,36,36,33,35,35,34
"Pro_AGG1",28,30,29,29,32,34,29,30,33,33,32,33,36,29,26,28,35,30,33,37,37,38,36,37,29,29,27,34,50,28,28,28,28,27,35,28,36,30,58,29,29,27,27,27,27,29,27,33,32,31,31,31,31,36,38,40,38,39,38,39,34,40,40,41,11,40,41,37,37,35,34,31,31,34,40,35,40,37,35,0,1,8,3,11,2,42,40,2,3,41,36,40,40,40,13,39,39,39,39,30,32,31,35,37,33,30,31,33,34,36,39,36,34,30,30,31,31,32,27,32,30
"Pro_AGG2",27,29,29,28,31,33,29,30,33,33,32,32,35,28,25,27,34,30,32,36,36,37,36,37,29,29,26,34,49,28,28,28,28,27,34,28,36,29,58,28,28,26,26,26,26,29,26,33,31,30,30,30,30,35,38,39,37,39,38,38,33,39,39,40,10,39,40,37,36,35,34,30,30,34,39,34,39,36,34,1,0,7,2,10,1,42,40,3,2,40,36,39,40,40,12,39,38,39,39,29,32,30,35,36,32,30,30,32,34,35,38,35,33,29,29,31,31,31,26,31,29
"Pro_CGG1",26,33,29,27,32,35,30,31,29,29,30,30,31,28,27,28,30,29,31,35,34,34,35,36,32,29,27,30,49,29,29,27,27,27,31,27,36,28,59,29,30,26,26,27,27,29,26,30,32,30,30,32,32,34,37,42,37,39,38,37,34,40,40,42,16,43,44,38,37,37,37,31,31,38,40,34,42,36,34,8,7,0,7,4,7,42,43,9,8,42,32,42,43,42,5,41,40,42,42,31,34,31,38,36,32,33,30,33,34,37,41,37,33,33,33,32,32,31,26,33,32
"Pro_CGG2",29,31,27,27,31,34,28,29,32,32,31,31,35,28,26,27,33,29,31,35,35,36,35,36,31,29,26,33,48,28,28,29,29,28,34,28,35,29,58,29,29,26,26,27,27,29,26,33,33,31,31,32,32,34,38,41,38,38,37,37,33,39,39,41,9,40,41,37,36,36,35,29,29,34,40,35,40,37,34,3,2,7,0,11,2,42,39,2,2,40,35,40,40,40,12,39,38,39,39,29,32,29,35,36,31,30,31,31,33,37,37,37,34,31,31,31,31,32,26,32,31
"Pro_GGG1",27,33,32,29,30,38,32,33,31,31,34,33,34,31,28,29,33,30,33,38,38,37,38,39,34,31,28,32,51,32,32,30,30,30,33,30,37,31,59,31,30,29,29,28,28,31,29,31,33,30,30,34,34,38,40,42,37,42,41,40,36,42,43,42,18,46,47,41,40,37,38,32,32,39,42,34,41,34,34,11,10,4,11,0,9,42,43,12,11,43,34,41,42,41,9,43,42,40,40,34,36,34,37,38,35,35,30,37,37,39,40,39,33,35,35,34,34,30,28,34,32
"Pro_GGG2",28,30,29,28,30,34,29,30,33,33,32,32,35,28,25,26,34,30,32,36,36,37,36,37,30,28,25,34,49,28,28,28,28,27,34,28,37,29,58,29,29,26,26,25,25,29,26,33,32,29,29,31,31,35,38,40,38,40,39,37,34,39,39,40,9,40,41,38,37,36,35,30,30,35,40,35,39,37,35,2,1,7,2,9,0,41,40,3,2,41,36,39,39,39,12,40,39,38,38,30,33,30,36,36,32,30,30,32,34,36,37,36,33,30,30,31,31,30,25,31,30
"Ser_GGA1",44,44,38,43,44,39,38,38,39,39,41,40,40,41,43,42,39,35,40,46,40,42,40,41,44,47,42,38,32,38,39,41,41,39,39,42,43,44,65,44,42,41,41,42,42,39,41,38,42,40,40,44,44,39,45,45,43,36,36,35,34,37,38,37,41,33,35,37,35,43,42,41,41,42,43,44,10,43,44,42,42,42,42,42,41,0,12,41,42,26,39,10,13,10,45,25,24,9,10,37,40,37,43,40,40,38,40,41,44,39,15,37,43,42,42,41,41,42,41,42,41
"Ser_GGA2",42,41,38,40,42,39,38,38,34,34,38,38,37,39,40,40,39,31,35,43,38,39,39,40,43,42,40,34,27,38,37,39,39,39,39,40,40,43,67,40,38,39,39,39,39,35,38,34,42,40,40,38,38,38,44,44,42,30,29,37,34,33,32,36,42,33,33,29,27,40,40,41,41,42,39,43,7,41,43,40,40,43,39,43,40,12,0,40,41,22,37,6,10,6,43,21,20,5,6,38,40,39,40,38,39,39,35,40,42,36,11,36,43,40,40,40,41,40,40,39,41
"Pro_TGG1",30,32,28,29,32,35,27,28,33,33,32,33,37,30,27,28,34,30,33,37,36,37,36,37,31,30,28,34,49,29,29,28,28,27,34,28,35,29,57,30,30,28,28,28,28,29,27,32,33,31,31,33,33,36,38,42,40,39,38,39,35,41,41,42,10,41,42,37,37,35,34,29,29,34,42,36,41,38,35,2,3,9,2,12,3,41,40,0,2,41,36,41,40,40,14,40,40,39,39,31,33,31,36,37,33,31,32,33,34,37,38,37,35,32,32,32,32,33,28,32,31
"Pro_TGG2",29,31,29,29,31,35,28,29,33,33,33,33,36,29,26,27,34,30,33,37,35,36,36,37,31,30,27,34,49,29,29,28,28,27,33,28,36,28,57,29,29,27,27,27,27,29,26,32,32,30,30,32,32,36,38,41,39,40,39,38,35,40,40,41,10,41,42,38,37,36,35,29,29,35,41,36,41,38,35,3,2,8,2,11,2,42,41,2,0,41,36,41,41,41,13,41,40,40,40,30,33,30,37,37,32,31,31,32,34,36,38,36,34,31,31,32,32,32,27,31,30
"Ser_ACT1",39,43,36,41,43,40,35,35,36,36,33,33,30,40,39,40,34,34,31,38,36,38,38,39,45,43,40,36,27,40,41,42,42,42,33,37,34,40,63,40,42,40,40,40,40,35,39,37,40,38,38,35,35,37,44,37,37,28,27,29,28,26,25,29,38,24,24,28,26,34,34,38,38,41,36,38,20,40,40,41,40,42,40,43,41,26,22,41,41,0,37,21,24,21,45,4,3,21,22,33,34,34,35,37,37,36,38,37,40,39,22,40,39,42,42,45,46,43,42,44,46
"Ser_ACT2",37,34,34,37,38,34,34,33,4,4,25,24,26,36,36,37,26,17,24,30,31,30,33,33,37,37,36,4,44,31,31,30,30,31,26,37,33,37,55,38,37,37,37,36,36,34,37,5,38,36,36,33,33,32,37,36,30,40,40,41,36,44,43,44,36,38,39,41,41,33,34,31,31,32,33,34,35,34,35,36,36,32,35,34,36,39,37,36,36,37,0,37,35,38,35,38,37,37,36,28,28,29,35,32,31,30,33,25,24,31,37,34,37,35,35,38,38,33,37,36,36
"Ser_AGA1",41,40,38,40,43,40,38,37,35,35,37,39,36,39,40,40,39,32,35,43,38,40,38,39,45,42,39,34,27,38,38,39,39,39,39,39,39,42,67,41,39,39,39,39,39,35,38,35,41,38,38,37,37,38,44,44,42,30,29,35,34,35,34,36,41,30,30,29,28,39,39,41,41,42,39,40,3,39,41,40,39,42,40,41,39,10,6,41,41,21,37,0,6,3,42,21,21,2,3,36,38,37,39,39,38,38,34,40,42,34,8,36,40,39,39,39,40,40,41,39,41
"Ser_AGA2",42,41,38,42,43,42,38,38,35,35,39,39,35,42,42,42,38,33,37,43,41,40,41,41,44,44,42,34,28,38,38,38,38,37,38,40,40,42,65,43,41,41,41,41,41,39,40,35,39,38,38,41,41,40,46,44,41,31,31,35,33,33,33,33,41,30,30,31,31,40,40,40,40,44,41,40,7,39,41,40,40,43,40,42,39,13,10,40,41,24,35,6,0,7,44,24,24,6,7,38,40,39,40,42,41,39,36,41,41,35,12,37,40,41,41,42,43,41,42,39,39
"Ser_CGA1",41,40,35,38,42,39,36,36,35,35,37,37,35,37,39,38,37,31,34,42,38,40,39,40,44,43,39,35,27,37,36,37,37,39,38,40,39,41,66,39,37,37,37,37,37,33,36,36,40,37,37,38,38,37,43,43,41,32,31,34,32,33,32,35,40,31,31,31,30,39,39,40,40,41,38,42,4,40,42,40,40,42,40,41,39,10,6,40,41,21,38,3,7,0,41,21,20,2,3,36,38,35,39,38,37,36,34,37,39,36,7,37,40,39,39,39,40,39,39,39,41
"Ser_CGA2",28,32,31,28,33,37,32,33,33,33,33,33,35,29,28,28,32,33,34,36,36,36,38,39,31,31,27,33,51,30,30,26,26,26,33,29,37,29,59,29,30,27,27,27,27,29,26,33,35,33,33,33,33,37,36,40,35,42,41,41,36,42,42,42,20,45,46,41,41,38,38,32,32,37,40,37,43,37,36,13,12,5,12,9,12,45,43,14,13,45,35,42,44,41,0,44,43,42,42,34,37,34,39,39,36,34,32,34,35,36,40,36,35,33,33,32,32,31,26,33,31
"Ser_GCT1",39,43,33,42,44,39,33,34,37,37,31,32,30,41,39,40,34,34,31,39,37,39,36,37,45,42,40,37,28,38,39,41,41,42,33,36,35,39,66,41,41,41,41,41,41,33,40,37,39,37,37,34,34,36,43,37,38,28,27,28,28,26,25,28,37,24,24,27,26,35,36,37,37,40,35,39,21,39,39,39,39,41,39,43,40,25,21,40,41,4,38,21,24,21,44,0,2,21,22,35,36,35,35,37,37,35,37,37,39,38,23,38,38,42,42,45,46,43,43,44,47
"Ser_GCT2",39,42,34,41,43,38,34,34,36,36,31,31,29,40,38,39,33,33,30,38,36,38,36,37,44,42,40,36,26,38,39,41,41,41,32,35,34,38,65,40,40,40,40,40,40,33,39,36,39,37,37,33,33,35,42,36,37,28,27,28,27,25,24,27,36,23,23,27,25,34,35,37,37,40,36,39,20,39,39,39,38,40,38,42,39,24,20,40,40,3,37,21,24,20,43,2,0,20,21,34,36,34,35,36,36,35,37,36,38,39,22,38,38,41,41,45,46,43,42,43,46
"Ser_TGA1",40,40,36,39,42,39,36,36,35,35,38,38,36,38,39,39,37,30,33,41,37,39,38,39,43,42,39,34,27,38,37,37,37,38,37,40,39,42,66,40,38,38,38,38,38,34,37,34,40,38,38,38,38,37,43,42,40,30,29,35,33,33,32,34,40,30,30,29,28,39,39,39,39,41,39,42,3,40,42,39,39,42,39,40,38,9,5,39,40,21,37,2,6,2,42,21,20,0,1,37,39,37,39,38,38,36,32,39,41,35,8,36,41,39,39,39,40,39,40,37,39
"Ser_TGA2",40,39,35,39,42,39,35,35,34,34,37,37,36,38,39,39,36,29,33,41,37,39,38,39,43,42,39,33,28,37,37,37,37,38,36,40,39,42,66,40,38,38,38,38,38,35,37,33,40,38,38,38,38,37,43,42,40,30,29,34,33,33,32,34,39,30,30,29,28,39,39,39,39,41,38,41,4,39,41,39,39,42,39,40,38,10,6,39,40,22,36,3,7,3,42,22,21,1,0,36,38,36,39,37,38,35,32,39,41,35,9,36,41,38,38,39,40,39,40,36,39
"Thr_AGT1",32,29,23,32,36,31,23,24,27,27,28,28,28,30,32,30,26,29,27,32,30,30,31,32,32,33,30,27,45,28,28,30,30,31,26,34,32,35,56,32,34,31,31,31,31,29,31,27,35,33,33,28,28,31,35,39,33,36,35,35,27,36,36,38,30,38,40,34,33,31,31,29,29,30,35,32,37,34,34,30,29,31,29,34,30,37,38,31,30,33,28,36,38,36,34,35,34,37,36,0,4,1,32,30,8,4,25,30,31,35,34,34,34,30,30,38,39,35,31,36,39
"Thr_AGT2",34,31,26,32,36,34,26,26,29,29,31,31,28,30,32,30,29,31,29,30,32,32,32,33,35,35,30,29,46,30,31,34,34,33,29,35,33,34,55,32,34,31,31,31,31,30,31,29,35,33,33,30,30,33,37,39,35,36,35,38,31,38,38,39,33,40,41,34,34,33,33,33,33,32,35,35,38,36,34,32,32,34,32,36,33,40,40,33,33,34,28,38,40,38,37,36,36,39,38,4,0,5,34,28,8,8,27,34,35,36,35,36,34,31,31,38,39,35,33,38,40
"Thr_CGT1",33,30,22,31,35,31,23,24,27,27,27,27,27,29,32,30,25,28,27,32,31,31,31,32,32,33,29,28,46,28,28,29,29,31,26,33,31,35,56,33,35,30,30,30,30,28,30,28,35,33,33,29,29,31,35,39,33,36,35,35,26,36,36,38,30,38,40,35,34,30,30,29,29,29,34,33,38,34,34,31,30,31,29,34,30,37,39,31,30,34,29,37,39,35,34,35,34,37,36,1,5,0,31,30,8,4,25,29,30,36,35,34,34,29,29,37,38,35,30,36,38
"Thr_CGT2",31,40,28,36,41,30,29,29,34,34,30,30,26,35,36,35,30,34,25,34,28,31,29,30,41,35,36,35,47,31,31,38,38,41,31,36,6,36,52,38,39,36,36,36,36,34,37,35,38,37,37,24,24,29,34,33,26,38,37,37,31,35,35,38,34,35,35,38,37,5,7,15,15,25,34,26,40,26,25,35,35,38,35,37,36,43,40,36,37,35,35,39,40,39,39,35,35,39,39,32,34,31,0,31,34,34,26,32,32,30,39,28,37,40,40,44,45,38,37,43,43
"Thr_GGT1",37,29,33,36,40,9,34,34,30,30,30,30,32,36,35,34,31,28,20,26,6,8,6,7,28,33,35,31,49,38,39,36,36,38,31,32,33,36,56,37,38,36,36,35,35,36,36,30,38,35,35,33,33,6,14,32,26,37,37,41,35,36,36,38,34,39,38,38,37,32,32,31,31,27,31,36,40,37,34,37,36,36,36,38,36,40,38,37,37,37,32,39,42,38,39,37,36,38,37,30,28,30,31,0,31,31,33,27,31,37,42,36,34,29,29,34,35,36,36,34,34
"Thr_GGT2",33,33,26,30,32,34,26,27,31,31,32,32,29,27,30,28,30,29,29,33,33,33,34,35,36,33,28,31,47,34,34,36,36,37,30,33,34,34,56,31,34,29,29,28,28,28,29,31,34,33,33,29,29,33,37,39,34,37,36,38,31,38,38,39,33,42,42,35,34,33,33,33,33,30,35,35,40,35,33,33,32,32,31,35,32,40,39,33,32,37,31,38,41,37,36,37,36,38,38,8,8,8,34,31,0,11,28,33,35,36,37,35,34,32,32,39,40,33,30,38,40
"Thr_TGT1",32,31,22,34,37,33,22,23,29,29,29,29,29,32,34,32,26,29,27,32,33,33,33,34,31,34,32,29,47,28,28,30,30,31,26,35,34,34,56,35,36,33,33,33,33,28,32,28,34,32,32,30,30,33,37,40,34,36,35,36,28,37,37,37,31,39,41,36,35,33,33,30,30,32,34,35,38,36,36,30,30,33,30,35,30,38,39,31,31,36,30,38,39,36,34,35,35,36,35,4,8,4,34,31,11,0,25,30,32,38,35,36,33,31,31,39,40,36,33,36,40
"Thr_TGT2",28,36,30,35,36,34,29,30,32,32,32,33,25,33,32,33,30,30,25,33,32,33,31,32,39,33,32,31,45,26,26,21,21,23,29,33,25,27,56,36,33,34,34,33,33,34,33,31,35,33,33,21,21,32,39,31,24,38,37,39,33,38,38,42,34,39,39,36,35,24,24,26,26,27,32,31,33,29,31,31,30,30,31,30,30,40,35,32,31,38,33,34,36,34,32,37,37,32,32,25,27,25,26,33,28,25,0,33,32,29,34,27,34,34,34,32,32,33,34,31,29
"Trp_CCA1",32,32,32,36,39,23,33,34,22,22,27,27,30,33,34,33,30,20,22,30,24,25,25,26,31,37,35,21,47,29,29,30,30,33,31,32,29,34,59,36,37,33,33,33,33,32,33,23,36,35,35,30,30,24,29,33,27,39,38,39,30,38,38,38,31,35,36,38,37,30,30,28,28,25,30,31,39,33,33,33,32,33,31,37,32,41,40,33,32,37,25,40,41,37,34,37,36,39,39,30,34,29,32,27,33,30,33,0,7,32,38,30,34,34,34,36,37,35,33,33,38
"Trp_CCA2",31,32,30,38,41,27,30,31,21,21,26,26,30,36,36,36,29,24,21,31,28,28,29,30,33,38,38,20,48,26,27,29,29,32,30,35,29,38,59,37,41,36,36,36,36,34,36,22,39,37,37,31,31,27,30,34,28,40,39,39,31,41,41,42,32,38,40,38,37,30,30,29,29,27,33,33,41,34,35,34,34,34,33,37,34,44,42,34,34,40,24,42,41,39,35,39,38,41,41,31,35,30,32,31,35,32,32,7,0,34,40,33,35,34,34,37,38,38,36,34,38
"Tyr_ATA1",33,34,31,34,36,39,31,31,32,32,40,40,38,33,34,35,39,34,33,39,35,36,37,38,37,38,34,31,44,28,30,35,35,35,39,34,29,36,56,35,36,34,34,34,34,34,33,31,35,35,35,29,29,35,41,37,31,41,40,42,35,42,41,42,39,39,39,40,39,29,29,29,29,32,34,25,34,26,26,36,35,37,37,39,36,39,36,37,36,39,31,34,35,36,36,38,39,35,35,35,36,36,30,37,36,38,29,32,34,0,33,4,35,33,33,37,37,34,35,35,33
"Tyr_ATA2",39,40,36,40,40,43,35,35,35,35,39,39,35,38,39,39,39,34,36,41,39,40,41,41,42,44,39,34,28,36,35,38,38,39,38,38,38,40,65,39,38,38,38,38,38,34,37,34,38,37,37,37,37,39,44,39,38,31,31,33,31,33,32,37,38,30,30,31,30,38,39,37,37,39,36,39,6,39,40,39,38,41,37,40,37,15,11,38,38,22,37,8,12,7,40,23,22,8,9,34,35,35,39,42,37,35,34,38,40,33,0,35,40,38,38,42,43,40,40,40,41
"Tyr_GTA1",33,34,31,34,35,37,31,31,33,33,41,41,37,33,32,34,40,32,32,39,35,36,35,36,37,36,32,32,46,27,28,35,35,34,40,31,27,34,57,36,37,34,34,33,33,33,33,32,34,32,32,29,29,34,41,36,31,39,38,41,35,41,40,41,38,37,37,38,38,27,27,27,27,30,35,24,36,23,24,36,35,37,37,39,36,37,36,37,36,40,34,36,37,37,36,38,38,36,36,34,36,34,28,36,35,36,27,30,33,4,35,0,32,34,34,35,35,33,34,35,33
"Tyr_GTA2",38,32,35,30,31,38,34,35,34,34,38,39,36,28,30,31,38,34,39,41,37,35,38,39,34,31,29,34,49,35,35,30,30,31,38,23,38,28,58,31,32,29,29,29,29,27,28,33,9,5,5,33,33,37,42,40,37,44,43,44,38,38,38,37,31,42,42,43,42,38,39,35,35,39,38,35,40,32,33,34,33,33,34,33,33,43,43,35,34,39,37,40,40,40,35,38,38,41,41,34,34,34,37,34,34,33,34,34,35,35,40,32,0,33,33,35,35,31,30,31,32
"Val_AAC1",33,5,31,33,35,28,31,32,33,33,39,39,36,30,32,32,39,38,30,35,27,29,29,30,9,29,31,33,48,35,34,32,32,32,39,31,36,36,60,31,33,30,30,30,30,30,30,34,34,32,32,33,33,27,30,40,34,41,41,43,35,42,42,44,32,42,42,41,41,36,37,39,39,33,36,34,37,35,35,30,29,33,31,35,30,42,40,32,31,42,35,39,41,39,33,42,41,39,38,30,31,29,40,29,32,31,34,34,34,33,38,34,33,0,0,9,10,29,30,11,10
"Val_AAC2",33,5,31,33,35,28,31,32,33,33,39,39,36,30,32,32,39,38,30,35,27,29,29,30,9,29,31,33,48,35,34,32,32,32,39,31,36,36,60,31,33,30,30,30,30,30,30,34,34,32,32,33,33,27,30,40,34,41,41,43,35,42,42,44,32,42,42,41,41,36,37,39,39,33,36,34,37,35,35,30,29,33,31,35,30,42,40,32,31,42,35,39,41,39,33,42,41,39,38,30,31,29,40,29,32,31,34,34,34,33,38,34,33,0,0,9,10,29,30,11,10
"Val_CAC1",36,12,37,34,36,33,38,38,36,36,41,42,40,32,33,35,43,37,35,40,33,33,33,34,18,32,30,35,50,34,33,27,27,27,44,32,40,36,62,34,35,30,30,31,31,31,31,37,35,33,33,35,35,32,36,42,36,43,42,45,40,45,45,46,37,45,46,42,43,41,42,40,40,33,39,35,38,34,36,31,31,32,31,34,31,41,40,32,32,45,38,39,42,39,32,45,45,39,39,38,38,37,44,34,39,39,32,36,37,37,42,35,35,9,9,0,1,29,32,6,4
"Val_CAC2",37,13,37,35,37,34,38,39,36,36,42,42,41,33,34,36,43,38,36,41,34,34,34,35,19,33,31,35,49,34,33,27,27,27,44,32,40,37,63,35,36,31,31,32,32,32,32,37,35,33,33,36,36,33,37,43,37,44,43,46,40,45,45,47,37,46,47,43,44,41,42,41,41,34,40,35,39,34,36,31,31,32,31,34,31,41,41,32,32,46,38,40,43,40,32,46,46,40,40,39,39,38,45,35,40,40,32,37,38,37,43,35,35,10,10,1,0,30,33,7,4
"Val_GAC1",35,32,34,13,11,37,34,35,33,33,42,42,40,13,11,12,42,35,37,40,39,39,39,40,33,27,9,33,51,36,36,34,34,35,42,26,38,34,53,12,13,9,9,8,8,20,9,34,28,29,29,34,34,37,39,42,37,44,43,45,38,43,43,42,32,46,46,42,42,38,38,35,35,35,36,35,41,34,33,32,31,31,32,30,30,42,40,33,32,43,33,40,41,39,31,43,43,39,39,35,35,35,38,36,33,36,33,35,38,34,40,33,31,29,29,29,30,0,9,31,30
"Val_GAC2",33,35,29,8,10,37,30,31,35,35,36,36,37,9,6,7,36,37,38,41,38,38,38,39,35,26,4,35,49,34,34,33,33,34,37,23,36,31,52,7,9,4,4,3,3,18,4,36,28,27,27,35,35,36,38,44,41,41,40,41,32,40,40,40,29,44,46,40,40,37,37,33,33,38,34,36,42,37,35,27,26,26,26,28,25,41,40,28,27,42,37,41,42,39,26,43,42,40,40,31,33,30,37,36,30,33,34,33,36,35,40,34,30,30,30,32,33,9,0,34,33
"Val_TAC1",37,12,34,36,37,32,33,34,34,34,44,44,41,33,35,37,43,34,33,38,32,32,33,34,16,34,34,33,50,33,31,28,28,27,43,33,40,33,61,36,37,33,33,33,33,30,32,33,32,30,30,32,32,33,36,40,34,43,43,46,40,44,44,44,36,42,44,42,41,40,41,38,38,35,40,34,38,33,35,32,31,33,32,34,31,42,39,32,31,44,36,39,39,39,33,44,43,37,36,36,38,36,43,34,38,36,31,33,34,35,40,35,31,11,11,6,7,31,34,0,6
"Val_TAC2",35,13,39,36,37,34,38,39,34,34,41,41,40,34,34,36,41,38,36,41,33,33,34,34,18,32,33,33,50,33,31,25,25,24,41,33,40,33,62,35,36,32,32,32,32,31,31,34,32,31,31,35,35,33,37,40,34,46,46,45,38,42,43,44,36,43,43,46,45,40,41,39,39,34,41,33,38,32,34,30,29,32,31,32,30,41,41,31,30,46,36,41,39,41,31,47,46,39,39,39,40,38,43,34,40,40,29,38,38,33,41,33,32,10,10,4,4,30,33,6,0
